Rk,Player,Nation,Pos,Squad,Age,Born,Playing_Time_MP,Playing_Time_Starts,Playing_Time_Min,Playing_Time_90s,Performance_Gls,Performance_Ast,Performance_G_and_A,Performance_G_nonPK,Performance_PK,Performance_PKatt,Performance_CrdY,Performance_CrdR,Per_90_Minutes_Gls,Per_90_Minutes_Ast,Per_90_Minutes_G_and_A,Per_90_Minutes_G_nonPK,Per_90_Minutes_G_and_A_nonPK
1,James Abankwah,ie IRL,DF,Watford,21,2004,31,30,2596,28.8,1,0,1,1,0,0,5,1,0.03,0.0,0.03,0.03,0.03
2,Ebou Adams,gm GAM,MF,Derby County,29,1996,23,16,1506,16.7,1,0,1,1,0,0,7,0,0.06,0.0,0.06,0.06,0.06
3,Ebou Adams,gm GAM,MF,Portsmouth,29,1996,16,14,1234,13.7,2,1,3,2,0,0,3,0,0.15,0.07,0.22,0.15,0.22
4,Kealey Adamson,au AUS,DF,QPR,22,2003,7,1,223,2.5,0,0,0,0,0,0,1,0,0.0,0.0,0.0,0.0,0.0
5,Tayo Adaramola,ie IRL,"MF,DF",Sheffield Weds,21,2003,16,15,1328,14.8,0,1,1,0,0,0,2,0,0.0,0.07,0.07,0.0,0.07
6,Dapo Afolayan,eng ENG,MF,Blackburn,27,1997,8,1,164,1.8,0,0,0,0,0,0,0,0,0.0,0.0,0.0,0.0,0.0
7,Sydney Agina,ke KEN,DF,Stoke City,17,2007,5,3,255,2.8,0,0,0,0,0,0,1,0,0.0,0.0,0.0,0.0,0.0
8,Patrick Agyemang,us USA,"FW,MF",Derby County,24,2000,37,33,2740,30.4,10,3,13,10,0,0,6,0,0.33,0.1,0.43,0.33,0.43
9,Ali Ahmed,ca CAN,MF,Norwich City,24,2000,19,16,1304,14.5,4,3,7,4,0,0,1,0,0.28,0.21,0.48,0.28,0.48
10,Semi Ajayi,ng NGA,DF,Hull City,31,1993,22,18,1656,18.4,1,1,2,1,0,0,2,0,0.05,0.05,0.11,0.05,0.11
11,Babajide Akintola,ng NGA,MF,Hull City,29,1996,20,5,510,5.7,1,2,3,1,0,0,4,0,0.18,0.35,0.53,0.18,0.53
12,Chuba Akpom,eng ENG,"MF,FW",Ipswich Town,29,1995,29,7,900,10.0,2,0,2,2,0,0,1,0,0.2,0.0,0.2,0.2,0.2
13,Yisa Alao,,MF,Sheffield Weds,,,2,1,63,0.7,0,0,0,0,0,0,0,0,0.0,0.0,0.0,0.0,0.0
14,Ryan Alebiosu,ng NGA,"MF,DF",Blackburn,23,2001,39,37,3195,35.5,1,5,6,1,0,0,4,0,0.03,0.14,0.17,0.03,0.17
15,Isak Alemayehu,se SWE,MF,QPR,18,2006,1,0,11,0.1,0,0,0,0,0,0,0,0,0.0,0.0,0.0,0.0,0.0
16,Ajibola Alese,eng ENG,DF,Portsmouth,24,2001,1,0,5,0.1,0,0,0,0,0,0,1,0,0.0,0.0,0.0,0.0,0.0
17,Cruz Allen,wls WAL,MF,Derby County,18,2007,3,0,7,0.1,0,0,0,0,0,0,0,0,0.0,0.0,0.0,0.0,0.0
18,Jamie Allen,eng ENG,MF,Coventry City,30,1995,23,4,586,6.5,1,2,3,1,0,0,0,0,0.15,0.31,0.46,0.15,0.46
19,Max Alleyne,eng ENG,DF,Watford,20,2005,16,14,1264,14.0,0,0,0,0,0,0,2,0,0.0,0.0,0.0,0.0,0.0
20,Millenic Alli,ie IRL,MF,Portsmouth,25,2000,21,19,1558,17.3,1,2,3,1,0,0,1,0,0.06,0.12,0.17,0.06,0.17
21,Ryan Allsop,eng ENG,GK,Birmingham City,33,1992,11,11,990,11.0,0,0,0,0,0,0,2,0,0.0,0.0,0.0,0.0,0.0
22,Olabade Aluko,,DF,Leicester City,,,8,1,169,1.9,0,0,0,0,0,0,2,1,0.0,0.0,0.0,0.0,0.0
23,Papa Amadou Diallo,sn SEN,MF,Norwich City,21,2004,9,6,535,5.9,0,2,2,0,0,0,1,0,0.0,0.34,0.34,0.0,0.34
24,Harry Amass,eng ENG,MF,Norwich City,18,2007,1,0,16,0.2,0,0,0,0,0,0,0,0,0.0,0.0,0.0,0.0,0.0
25,Harry Amass,eng ENG,MF,Sheffield Weds,18,2007,21,21,1865,20.7,1,1,2,1,0,0,3,0,0.05,0.05,0.1,0.05,0.1
26,Jaydon Amauri Banel,nl NED,MF,Derby County,20,2004,14,5,560,6.2,3,0,3,3,0,0,1,0,0.48,0.0,0.48,0.48,0.48
27,Karoy Anderson,jm JAM,MF,Charlton Athletic,20,2004,10,6,527,5.9,0,1,1,0,0,0,2,0,0.0,0.17,0.17,0.0,0.17
28,Keshi Anderson,eng ENG,MF,Portsmouth,30,1995,7,3,248,2.8,1,0,1,1,0,0,1,0,0.36,0.0,0.36,0.36,0.36
29,Keshi Anderson,eng ENG,MF,Birmingham City,30,1995,19,7,726,8.1,1,0,1,1,0,0,2,0,0.12,0.0,0.12,0.12,0.12
30,Kai Andrews,wls WAL,MF,Coventry City,18,2006,7,0,60,0.7,0,0,0,0,0,0,0,0,0.0,0.0,0.0,0.0,0.0
31,Ryan Andrews,eng ENG,"DF,MF",Watford,20,2004,3,0,31,0.3,0,0,0,0,0,0,1,0,0.0,0.0,0.0,0.0,0.0
32,Rob Apter,sct SCO,MF,Charlton Athletic,22,2003,13,8,589,6.5,1,0,1,1,0,0,1,0,0.15,0.0,0.15,0.15,0.15
33,Oliver Arblaster,eng ENG,MF,Sheffield United,21,2004,21,9,898,10.0,0,1,1,0,0,0,2,0,0.0,0.1,0.1,0.0,0.1
34,Cameron Archer,eng ENG,"FW,MF",Southampton,24,2001,30,11,1004,11.2,4,3,7,4,0,0,2,0,0.36,0.27,0.63,0.36,0.63
35,Joe Aribo,ng NGA,"FW,MF",Southampton,29,1996,7,0,118,1.3,0,0,0,0,0,0,1,0,0.0,0.0,0.0,0.0,0.0
36,Joe Aribo,ng NGA,MF,Leicester City,29,1996,6,1,132,1.5,0,0,0,0,0,0,1,0,0.0,0.0,0.0,0.0,0.0
37,Adam Armstrong,eng ENG,"FW,MF",Southampton,28,1997,29,24,2036,22.6,11,4,15,10,1,3,4,0,0.49,0.18,0.66,0.44,0.62
38,Harrison Armstrong,eng ENG,MF,Preston,18,2007,17,13,1127,12.5,1,1,2,1,0,0,3,0,0.08,0.08,0.16,0.08,0.16
39,Sinclair Armstrong,ie IRL,FW,Bristol City,22,2003,41,11,1610,17.9,4,0,4,4,0,0,7,0,0.22,0.0,0.22,0.22,0.22
40,Harry Ashfield,eng ENG,MF,Wrexham,19,2006,1,0,4,0.0,0,0,0,0,0,0,0,0,0.0,0.0,0.0,0.0,0.0
41,Tom Atcheson,nir NIR,DF,Blackburn,18,2006,14,11,1088,12.1,0,0,0,0,0,0,2,0,0.0,0.0,0.0,0.0,0.0
42,Robert Atkinson,eng ENG,DF,Bristol City,27,1998,25,23,1845,20.5,3,1,4,3,0,0,1,0,0.15,0.05,0.2,0.15,0.2
43,Jordan Ayew,gh GHA,"FW,MF",Leicester City,33,1991,42,24,2259,25.1,6,3,9,4,2,3,5,0,0.24,0.12,0.36,0.16,0.28
44,Luke Ayling,eng ENG,DF,Middlesbrough,33,1991,43,38,3492,38.8,1,5,6,1,0,0,8,0,0.03,0.13,0.15,0.03,0.15
45,Finn Azaz,ie IRL,MF,Southampton,24,2000,41,36,2964,32.9,10,7,17,10,0,0,5,0,0.3,0.21,0.52,0.3,0.52
46,Finn Azaz,ie IRL,MF,Middlesbrough,24,2000,2,1,93,1.0,1,1,2,1,0,0,0,0,0.97,0.97,1.94,0.97,1.94
47,Femi Azeez,ng NGA,MF,Millwall,24,2001,35,33,2791,31.0,11,7,18,11,0,0,5,1,0.35,0.23,0.58,0.35,0.58
48,Ivan Azón,es ESP,FW,Ipswich Town,22,2002,38,20,1793,19.9,5,4,9,5,0,0,2,0,0.25,0.2,0.45,0.25,0.45
49,Kwadwo Baah,eng ENG,"MF,FW",Watford,22,2003,27,6,835,9.3,1,1,2,1,0,0,4,0,0.11,0.11,0.22,0.11,0.22
50,Lewis Baker,eng ENG,MF,Stoke City,30,1995,17,14,1256,14.0,4,1,5,4,0,0,3,0,0.29,0.07,0.36,0.29,0.36
51,Thierno Ballo,at AUT,MF,Millwall,23,2002,31,23,1820,20.2,1,5,6,1,0,0,6,0,0.05,0.25,0.3,0.05,0.3
52,Patrick Bamford,eng ENG,FW,Sheffield United,31,1993,28,22,1817,20.2,12,1,13,12,0,0,3,1,0.59,0.05,0.64,0.59,0.64
53,Alex Bangura,sl SLE,DF,Middlesbrough,26,1999,13,8,547,6.1,1,1,2,1,0,0,0,0,0.16,0.16,0.33,0.16,0.33
54,Raees Bangura-Williams,,MF,Millwall,,,14,5,456,5.1,1,1,2,1,0,0,2,0,0.2,0.2,0.39,0.2,0.39
55,Tamer Bani Odeh,jo JOR,FW,West Brom,21,2003,4,0,58,0.6,0,0,0,0,0,0,1,0,0.0,0.0,0.0,0.0,0.0
56,Barry Bannan,sct SCO,MF,Sheffield Weds,35,1989,28,28,2450,27.2,3,3,6,3,0,0,7,1,0.11,0.11,0.22,0.11,0.22
57,Barry Bannan,sct SCO,MF,Millwall,35,1989,14,6,534,5.9,0,1,1,0,0,0,1,0,0.0,0.17,0.17,0.0,0.17
58,Moussa Baradji,fr FRA,MF,Blackburn,24,2000,32,18,1749,19.4,2,0,2,2,0,0,4,0,0.1,0.0,0.1,0.1,0.1
59,Ryan Barnett,eng ENG,MF,Wrexham,25,1999,12,4,419,4.7,0,0,0,0,0,0,0,0,0.0,0.0,0.0,0.0,0.0
60,Louie Barry,eng ENG,"MF,FW",Sheffield United,22,2003,9,6,445,4.9,0,0,0,0,0,0,1,0,0.0,0.0,0.0,0.0,0.0
61,Danny Batth,eng ENG,DF,Derby County,34,1990,10,7,602,6.7,0,0,0,0,0,0,1,0,0.0,0.0,0.0,0.0,0.0
62,Nathan Baxter,eng ENG,GK,Watford,26,1998,7,6,585,6.5,0,0,0,0,0,0,0,0,0.0,0.0,0.0,0.0,0.0
63,Gavin Bazunu,ie IRL,GK,Stoke City,23,2002,6,6,540,6.0,0,0,0,0,0,0,0,0,0.0,0.0,0.0,0.0,0.0
64,Gavin Bazunu,ie IRL,GK,Southampton,23,2002,19,19,1710,19.0,0,0,0,0,0,0,1,0,0.0,0.0,0.0,0.0,0.0
65,James Beadle,eng ENG,GK,Birmingham City,21,2004,35,35,3150,35.0,0,0,0,0,0,0,4,0,0.0,0.0,0.0,0.0,0.0
66,Asmir Begović,ba BIH,GK,Leicester City,38,1987,11,10,945,10.5,0,0,0,0,0,0,2,0,0.0,0.0,0.0,0.0,0.0
67,Amari'i Bell,jm JAM,"DF,MF",Charlton Athletic,31,1994,34,32,2699,30.0,0,0,0,0,0,0,4,0,0.0,0.0,0.0,0.0,0.0
68,Sam Bell,eng ENG,MF,Bristol City,23,2002,13,3,364,4.0,4,1,5,4,0,0,0,0,0.99,0.25,1.24,0.99,1.24
69,Bachir Belloumi,dz ALG,MF,Hull City,23,2002,22,10,936,10.4,2,3,5,2,0,0,1,0,0.19,0.29,0.48,0.19,0.48
70,Anis Ben Slimane,tn TUN,MF,Norwich City,24,2001,22,15,1225,13.6,5,2,7,5,0,0,4,0,0.37,0.15,0.51,0.37,0.51
71,Steven Benda,de GER,GK,Millwall,26,1998,9,9,810,9.0,0,0,0,0,0,0,0,0,0.0,0.0,0.0,0.0,0.0
72,Daniel Bennie,au AUS,"FW,MF",QPR,19,2006,17,5,647,7.2,1,1,2,1,0,0,2,0,0.14,0.14,0.28,0.14,0.28
73,Victor Bernth Kristiansen,dk DEN,DF,Leicester City,22,2002,5,2,167,1.9,0,0,0,0,0,0,0,0,0.0,0.0,0.0,0.0,0.0
74,Luke Berry,eng ENG,MF,Charlton Athletic,33,1992,16,6,486,5.4,1,0,1,1,0,0,1,0,0.19,0.0,0.19,0.19,0.19
75,Florian Bianchini,fr FRA,MF,Portsmouth,24,2001,10,6,512,5.7,0,1,1,0,0,0,0,0,0.0,0.18,0.18,0.0,0.18
76,Jake Bidwell,eng ENG,DF,Coventry City,32,1993,11,3,431,4.8,0,1,1,0,0,0,1,0,0.0,0.21,0.21,0.0,0.21
77,Krystian Bielik,pl POL,"DF,MF",West Brom,27,1998,17,11,942,10.5,0,1,1,0,0,0,2,0,0.0,0.1,0.1,0.0,0.1
78,Tyler Bindon,nz NZL,DF,Sheffield United,20,2005,25,22,2029,22.5,1,0,1,1,0,0,1,0,0.04,0.0,0.04,0.04,0.04
79,Max Bird,eng ENG,MF,Bristol City,24,2000,15,4,565,6.3,2,1,3,2,0,0,1,0,0.32,0.16,0.48,0.32,0.48
80,Colby Bishop,eng ENG,FW,Portsmouth,28,1996,42,37,3397,37.7,3,1,4,2,1,2,4,0,0.08,0.03,0.11,0.05,0.08
81,Corey Blackett-Taylor,eng ENG,MF,Derby County,27,1997,9,2,273,3.0,0,1,1,0,0,0,0,0,0.0,0.33,0.33,0.0,0.33
82,Harvey Blair,eng ENG,MF,Portsmouth,21,2003,15,4,485,5.4,0,1,1,0,0,0,0,0,0.0,0.19,0.19,0.0,0.19
83,Eric Bocat,fr FRA,"DF,MF",Stoke City,26,1999,29,21,1816,20.2,0,1,1,0,0,0,0,0,0.0,0.05,0.05,0.0,0.05
84,Marc Bola,eng ENG,"DF,MF",Watford,27,1997,37,31,2899,32.2,2,3,5,2,0,0,2,0,0.06,0.09,0.16,0.06,0.16
85,Neto Borges,br BRA,"DF,MF",Middlesbrough,28,1996,3,0,11,0.1,0,0,0,0,0,0,0,0,0.0,0.0,0.0,0.0,0.0
86,Neto Borges,br BRA,"MF,DF",Bristol City,28,1996,38,30,2726,30.3,0,3,3,0,0,0,7,0,0.0,0.1,0.1,0.0,0.1
87,Raphael Borges Rodrigues,au AUS,MF,Coventry City,21,2003,2,0,36,0.4,0,1,1,0,0,0,0,0,0.0,2.5,2.5,0.0,2.5
88,Ollie Bostock,wls WAL,MF,West Brom,18,2007,7,2,205,2.3,1,0,1,1,0,0,0,0,0.44,0.0,0.44,0.44,0.44
89,Edoardo Bove,it ITA,"MF,FW",Watford,23,2002,11,2,275,3.1,1,0,1,1,0,0,2,0,0.33,0.0,0.33,0.33,0.33
90,Ibane Bowat,sct SCO,DF,Portsmouth,22,2002,17,8,802,8.9,2,0,2,2,0,0,1,0,0.22,0.0,0.22,0.22,0.22
91,Róbert Boženík,sk SVK,FW,Stoke City,25,1999,22,9,829,9.2,1,0,1,1,0,0,2,0,0.11,0.0,0.11,0.11,0.11
92,Tom Bradshaw,wls WAL,FW,Oxford United,33,1992,5,0,69,0.8,0,0,0,0,0,0,0,0,0.0,0.0,0.0,0.0,0.0
93,Robbie Brady,ie IRL,"DF,FW",Preston,33,1992,5,0,95,1.1,0,0,0,0,0,0,0,0,0.0,0.0,0.0,0.0,0.0
94,Cameron Bragg,eng ENG,MF,Southampton,20,2005,16,7,688,7.6,0,0,0,0,0,0,4,0,0.0,0.0,0.0,0.0,0.0
95,Cameron Brannagan,eng ENG,MF,Oxford United,29,1996,37,36,3085,34.3,6,3,9,4,2,2,8,0,0.18,0.09,0.26,0.12,0.2
96,Brau,es ESP,DF,Coventry City,23,2001,9,1,203,2.3,0,0,0,0,0,0,0,0,0.0,0.0,0.0,0.0,0.0
97,James Bree,eng ENG,"MF,DF",Charlton Athletic,27,1997,21,19,1671,18.6,2,3,5,2,0,0,7,0,0.11,0.16,0.27,0.11,0.27
98,James Bree,eng ENG,DF,Southampton,27,1997,18,17,1444,16.0,2,2,4,2,0,0,1,0,0.12,0.12,0.25,0.12,0.25
99,Ben Brereton,cl CHI,MF,Derby County,26,1999,40,39,3044,33.8,7,3,10,6,1,1,8,0,0.21,0.09,0.3,0.18,0.27
100,Rhian Brewster,eng ENG,"MF,FW",Derby County,25,2000,29,19,1460,16.2,7,2,9,6,1,1,1,0,0.43,0.12,0.55,0.37,0.49
101,Callum Brittain,eng ENG,"DF,MF",Middlesbrough,27,1998,41,41,3615,40.2,0,4,4,0,0,0,7,0,0.0,0.1,0.1,0.0,0.1
102,Nathan Broadhead,wls WAL,"FW,MF",Ipswich Town,27,1998,1,0,23,0.3,0,0,0,0,0,0,0,0,0.0,0.0,0.0,0.0,0.0
103,Nathan Broadhead,wls WAL,"MF,FW",Wrexham,27,1998,37,20,1903,21.1,7,4,11,7,0,0,0,0,0.33,0.19,0.52,0.33,0.52
104,Andre Brooks,jm JAM,MF,Sheffield United,21,2003,39,28,2432,27.0,6,2,8,6,0,0,7,0,0.22,0.07,0.3,0.22,0.3
105,Ciaron Brown,nir NIR,DF,Oxford United,27,1998,37,37,3320,36.9,3,1,4,3,0,0,6,0,0.08,0.03,0.11,0.08,0.11
106,Dajaune Brown,jm JAM,FW,Derby County,19,2005,1,0,2,0.0,0,0,0,0,0,0,0,0,0.0,0.0,0.0,0.0,0.0
107,George Brown,,FW,Sheffield Weds,,,7,3,310,3.4,2,0,2,2,0,0,0,0,0.58,0.0,0.58,0.58,0.58
108,Jacob Brown,sct SCO,"FW,MF",Portsmouth,27,1998,15,5,493,5.5,1,1,2,1,0,0,2,0,0.18,0.18,0.37,0.18,0.37
109,Alan Browne,ie IRL,"MF,DF",Middlesbrough,30,1995,38,26,2471,27.5,4,3,7,4,0,0,2,0,0.15,0.11,0.25,0.15,0.25
110,Lewis Brunt,eng ENG,DF,Wrexham,24,2000,9,6,552,6.1,0,0,0,0,0,0,1,0,0.0,0.0,0.0,0.0,0.0
111,Joe Bryan,eng ENG,DF,Millwall,31,1993,19,6,738,8.2,0,0,0,0,0,0,5,1,0.0,0.0,0.0,0.0,0.0
112,Solomon Brynn,eng ENG,GK,Middlesbrough,24,2000,46,46,4140,46.0,0,1,1,0,0,0,1,0,0.0,0.02,0.02,0.0,0.02
113,Cameron Burgess,au AUS,DF,Swansea City,29,1995,46,46,4140,46.0,0,0,0,0,0,0,7,0,0.0,0.0,0.0,0.0,0.0
114,Delano Burgzorg,sr SUR,"MF,FW",Middlesbrough,26,1998,25,11,1083,12.0,2,2,4,2,0,0,1,0,0.17,0.17,0.33,0.17,0.33
115,Delano Burgzorg,sr SUR,"FW,MF",Bristol City,26,1998,15,4,547,6.1,1,1,2,1,0,0,4,0,0.16,0.16,0.33,0.16,0.33
116,Reece Burke,eng ENG,DF,Charlton Athletic,28,1996,17,12,942,10.5,1,0,1,1,0,0,1,0,0.1,0.0,0.1,0.1,0.1
117,Wes Burns,wls WAL,MF,Ipswich Town,30,1994,18,9,795,8.8,2,1,3,2,0,0,3,0,0.23,0.11,0.34,0.23,0.34
118,Rumarn Burrell,jm JAM,FW,QPR,24,2000,30,22,2000,22.2,10,3,13,10,0,0,4,0,0.45,0.14,0.59,0.45,0.59
119,Harrison Burrows,eng ENG,DF,Sheffield United,23,2002,44,30,2966,33.0,5,4,9,5,0,1,3,0,0.15,0.12,0.27,0.15,0.27
120,Josef Bursik,eng ENG,GK,Portsmouth,25,2000,10,10,813,9.0,0,0,0,0,0,0,1,0,0.0,0.0,0.0,0.0,0.0
121,Gustavo Caballero,py PAR,MF,Portsmouth,23,2001,12,9,759,8.4,1,0,1,1,0,0,1,0,0.12,0.0,0.12,0.12,0.12
122,Ben Cabango,wls WAL,DF,Swansea City,25,2000,45,45,4034,44.8,1,0,1,1,0,0,8,0,0.02,0.0,0.02,0.02,0.02
123,Liberato Cacace,nz NZL,MF,Wrexham,24,2000,12,8,721,8.0,0,0,0,0,0,0,0,0,0.0,0.0,0.0,0.0,0.0
124,Bailey-Tye Cadamarteri,jm JAM,FW,Sheffield Weds,20,2005,29,23,2103,23.4,2,0,2,2,0,0,2,0,0.09,0.0,0.09,0.09,0.09
125,Bailey-Tye Cadamarteri,jm JAM,FW,Wrexham,20,2005,3,0,29,0.3,0,0,0,0,0,0,0,0,0.0,0.0,0.0,0.0,0.0
126,Jens Cajuste,se SWE,MF,Ipswich Town,25,1999,30,13,1194,13.3,1,3,4,1,0,0,1,0,0.08,0.23,0.3,0.08,0.3
127,George Campbell,us USA,DF,West Brom,24,2001,39,33,3081,34.2,4,2,6,4,0,0,7,0,0.12,0.06,0.18,0.12,0.18
128,Tyreece Campbell,jm JAM,"FW,MF",Charlton Athletic,21,2003,45,31,2921,32.5,3,3,6,3,0,0,3,0,0.09,0.09,0.18,0.09,0.18
129,Tyrese Campbell,eng ENG,FW,Sheffield United,25,1999,34,21,1883,20.9,6,2,8,6,0,0,3,0,0.29,0.1,0.38,0.29,0.38
130,Tom Cannon,ie IRL,"FW,MF",Sheffield United,22,2002,36,19,1726,19.2,6,2,8,6,0,0,2,0,0.31,0.1,0.42,0.31,0.42
131,Todd Cantwell,eng ENG,MF,Blackburn,27,1998,28,22,2068,23.0,5,3,8,4,1,1,10,0,0.22,0.13,0.35,0.17,0.3
132,Sonny Carey,eng ENG,"MF,FW",Charlton Athletic,24,2001,46,40,3385,37.6,8,2,10,8,0,0,4,0,0.21,0.05,0.27,0.21,0.27
133,Julián Carranza,ar ARG,FW,Leicester City,25,2000,9,3,318,3.5,0,0,0,0,0,0,1,0,0.0,0.0,0.0,0.0,0.0
134,Hayden Carter,eng ENG,DF,Blackburn,25,1999,10,10,787,8.7,2,0,2,2,0,0,4,0,0.23,0.0,0.23,0.23,0.23
135,Kaelan Casey,eng ENG,DF,Swansea City,20,2004,8,3,292,3.2,0,1,1,0,0,0,0,0,0.0,0.31,0.31,0.0,0.31
136,Eiran Cashin,ie IRL,DF,Birmingham City,23,2001,11,3,420,4.7,0,0,0,0,0,0,0,0,0.0,0.0,0.0,0.0,0.0
137,Eiran Cashin,ie IRL,DF,Blackburn,23,2001,18,17,1543,17.1,1,1,2,1,0,0,7,0,0.06,0.06,0.12,0.06,0.12
138,Leo Castledine,eng ENG,FW,Middlesbrough,19,2005,9,1,279,3.1,1,0,1,1,0,0,0,0,0.32,0.0,0.32,0.32,0.32
139,Žan Celar,si SVN,FW,QPR,26,1999,2,1,76,0.8,0,0,0,0,0,0,0,0,0.0,0.0,0.0,0.0,0.0
140,Ilias Chair,ma MAR,MF,QPR,27,1997,15,10,945,10.5,1,2,3,1,0,0,1,0,0.1,0.19,0.29,0.1,0.29
141,Giorgi Chakvetadze,ge GEO,"MF,FW",Watford,25,1999,29,22,1791,19.9,0,3,3,0,0,0,6,0,0.0,0.15,0.15,0.0,0.15
142,Nathaniel Chalobah,eng ENG,MF,Sheffield Weds,30,1994,13,7,582,6.5,2,1,3,2,0,0,2,0,0.31,0.15,0.46,0.31,0.46
143,Luke Chambers,eng ENG,MF,Charlton Athletic,21,2004,18,16,1229,13.7,0,1,1,0,0,0,4,0,0.0,0.07,0.07,0.0,0.07
144,Archie Chaplin,eng ENG,DF,Middlesbrough,19,2005,1,0,2,0.0,0,0,0,0,0,0,0,0,0.0,0.0,0.0,0.0,0.0
145,Conor Chaplin,eng ENG,MF,Portsmouth,28,1997,36,26,2229,24.8,2,3,5,2,0,0,2,0,0.08,0.12,0.2,0.08,0.2
146,Conor Chaplin,eng ENG,MF,Ipswich Town,28,1997,4,1,135,1.5,0,0,0,0,0,0,1,0,0.0,0.0,0.0,0.0,0.0
147,Pierce Charles,nir NIR,GK,Sheffield Weds,20,2005,19,19,1710,19.0,0,1,1,0,0,0,1,0,0.0,0.05,0.05,0.0,0.05
148,Shea Charles,nir NIR,MF,Southampton,21,2003,31,21,2071,23.0,3,2,5,3,0,0,6,0,0.13,0.09,0.22,0.13,0.22
149,Tahith Chong,cw CUW,MF,Sheffield United,25,1999,21,7,678,7.5,0,1,1,0,0,0,2,0,0.0,0.13,0.13,0.0,0.13
150,Hamza Choudhury,bd BAN,"DF,MF",Leicester City,27,1997,30,17,1494,16.6,0,0,0,0,0,0,7,0,0.0,0.0,0.0,0.0,0.0
151,Benjamin Chrisene,eng ENG,DF,Norwich City,21,2004,21,15,1293,14.4,1,1,2,1,0,0,3,0,0.07,0.07,0.14,0.07,0.14
152,Lamine Cissé,fr FRA,"FW,MF",Stoke City,22,2003,34,19,1687,18.7,3,3,6,3,0,0,4,0,0.16,0.16,0.32,0.16,0.32
153,Bobby Clark,eng ENG,MF,Derby County,20,2005,42,33,2932,32.6,3,3,6,3,0,0,8,0,0.09,0.09,0.18,0.09,0.18
154,Harry Clarke,eng ENG,MF,Charlton Athletic,24,2001,19,17,1519,16.9,0,2,2,0,0,0,8,0,0.0,0.12,0.12,0.0,0.12
155,Jack Clarke,eng ENG,MF,Ipswich Town,24,2000,46,23,2387,26.5,16,1,17,10,6,6,4,0,0.6,0.04,0.64,0.38,0.41
156,Matthew Clarke,eng ENG,DF,Derby County,28,1996,45,45,4044,44.9,3,4,7,3,0,0,10,1,0.07,0.09,0.16,0.07,0.16
157,Jake Clarke-Salter,eng ENG,DF,QPR,27,1997,14,10,749,8.3,0,0,0,0,0,0,1,0,0.0,0.0,0.0,0.0,0.0
158,Max Cleworth,wls WAL,DF,Wrexham,22,2002,41,40,3594,39.9,3,4,7,3,0,0,6,0,0.08,0.1,0.18,0.08,0.18
159,Conor Coady,eng ENG,DF,Wrexham,32,1993,5,5,441,4.9,0,0,0,0,0,0,0,0,0.0,0.0,0.0,0.0,0.0
160,Conor Coady,eng ENG,MF,Charlton Athletic,32,1993,12,11,847,9.4,1,1,2,1,0,0,1,0,0.11,0.11,0.21,0.11,0.21
161,Josh Coburn,eng ENG,FW,Millwall,22,2002,26,22,1766,19.6,9,0,9,9,0,0,2,0,0.46,0.0,0.46,0.46,0.46
162,Alex Cochrane,eng ENG,DF,Birmingham City,25,2000,21,18,1534,17.0,1,4,5,1,0,0,3,0,0.06,0.23,0.29,0.06,0.29
163,Toby Collyer,eng ENG,MF,Hull City,21,2004,5,1,106,1.2,0,0,0,0,0,0,2,0,0.0,0.0,0.0,0.0,0.0
164,Toby Collyer,eng ENG,MF,West Brom,21,2004,12,3,258,2.9,0,1,1,0,0,0,0,0,0.0,0.35,0.35,0.0,0.35
165,Tommy Conway,sct SCO,"FW,MF",Middlesbrough,22,2002,46,43,3573,39.7,13,5,18,9,4,4,6,0,0.33,0.13,0.45,0.23,0.35
166,Steve Cook,eng ENG,DF,QPR,34,1991,30,23,2151,23.9,1,0,1,1,0,0,2,0,0.04,0.0,0.04,0.04,0.04
167,Jake Cooper,eng ENG,DF,Millwall,30,1995,45,45,4050,45.0,4,1,5,4,0,0,10,0,0.09,0.02,0.11,0.09,0.11
168,Liam Cooper,sct SCO,DF,Sheffield Weds,33,1991,14,10,909,10.1,1,0,1,1,0,0,3,0,0.1,0.0,0.1,0.1,0.1
169,Michael Cooper,eng ENG,GK,Sheffield United,25,1999,34,34,3015,33.5,0,0,0,0,0,0,0,0,0.0,0.0,0.0,0.0,0.0
170,Murphy Cooper,eng ENG,GK,Sheffield Weds,23,2001,8,8,720,8.0,0,0,0,0,0,0,0,0,0.0,0.0,0.0,0.0,0.0
171,Oliver Cooper,wls WAL,MF,Swansea City,25,1999,1,0,25,0.3,0,0,0,0,0,0,0,0,0.0,0.0,0.0,0.0,0.0
172,José Córdoba,pa PAN,DF,Norwich City,24,2001,28,24,2252,25.0,1,1,2,1,0,0,5,0,0.04,0.04,0.08,0.04,0.08
173,David Cornell,wls WAL,GK,Preston,34,1991,8,7,675,7.5,0,1,1,0,0,0,1,0,0.0,0.13,0.13,0.0,0.13
174,Harry Cornick,eng ENG,"FW,MF",Bristol City,30,1995,1,0,7,0.1,0,0,0,0,0,0,0,0,0.0,0.0,0.0,0.0,0.0
175,Conor Coventry,ie IRL,MF,Charlton Athletic,25,2000,40,33,2910,32.3,0,1,1,0,0,0,7,0,0.0,0.03,0.03,0.0,0.03
176,Lewie Coyle,eng ENG,"DF,MF",Hull City,29,1995,39,37,3184,35.4,0,4,4,0,0,0,12,0,0.0,0.11,0.11,0.0,0.11
177,Tristan Crama,fr FRA,DF,Millwall,23,2001,46,46,4105,45.6,3,6,9,3,0,0,9,0,0.07,0.13,0.2,0.07,0.2
178,Aaron Cresswell,eng ENG,DF,Stoke City,35,1989,25,22,2001,22.2,0,3,3,0,0,0,2,0,0.0,0.13,0.13,0.0,0.13
179,Ante Crnac,hr CRO,"MF,FW",Norwich City,21,2003,11,8,758,8.4,0,0,0,0,0,0,2,0,0.0,0.0,0.0,0.0,0.0
180,Max Crocombe,nz NZL,GK,Millwall,31,1993,23,23,2070,23.0,0,0,0,0,0,0,0,0,0.0,0.0,0.0,0.0,0.0
181,Matt Crooks,eng ENG,MF,Hull City,31,1994,31,28,2502,27.8,4,4,8,4,0,0,13,0,0.14,0.14,0.29,0.14,0.29
182,Liam Cullen,wls WAL,"MF,FW",Swansea City,26,1999,40,17,1737,19.3,5,0,5,5,0,0,5,0,0.26,0.0,0.26,0.26,0.26
183,Jamie Cumming,eng ENG,GK,Oxford United,25,1999,46,46,4140,46.0,0,0,0,0,0,0,1,0,0.0,0.0,0.0,0.0,0.0
184,Luke Cundle,eng ENG,MF,Millwall,23,2002,28,10,1072,11.9,4,0,4,4,0,0,1,0,0.34,0.0,0.34,0.34,0.34
185,Jack Currie,eng ENG,DF,Oxford United,22,2002,30,25,2179,24.2,0,1,1,0,0,0,5,0,0.0,0.04,0.04,0.0,0.04
186,Patson Daka,zm ZAM,FW,Leicester City,26,1998,41,21,2088,23.2,5,4,9,5,0,1,2,0,0.22,0.17,0.39,0.22,0.39
187,Harry Darling,eng ENG,DF,Norwich City,25,1999,35,34,3016,33.5,1,0,1,1,0,0,7,0,0.03,0.0,0.03,0.03,0.03
188,Jay Dasilva,wls WAL,DF,Coventry City,27,1998,42,41,3544,39.4,0,3,3,0,0,0,6,1,0.0,0.08,0.08,0.0,0.08
189,Adam Davies,wls WAL,GK,Sheffield United,33,1992,13,12,1125,12.5,0,0,0,0,0,0,1,0,0.0,0.0,0.0,0.0,0.0
190,Ben Davies,eng ENG,DF,Oxford United,29,1995,10,7,647,7.2,0,0,0,0,0,0,0,0,0.0,0.0,0.0,0.0,0.0
191,Tom Davies,eng ENG,MF,Sheffield United,27,1998,10,3,344,3.8,0,0,0,0,0,0,0,0,0.0,0.0,0.0,0.0,0.0
192,Leif Davis,eng ENG,DF,Ipswich Town,25,1999,37,35,3164,35.2,2,4,6,2,0,0,5,0,0.06,0.11,0.17,0.06,0.17
193,Bobby De Cordova-Reid,jm JAM,MF,Leicester City,32,1993,36,23,1791,19.9,5,3,8,5,0,1,3,1,0.25,0.15,0.4,0.25,0.4
194,Brian De Keersmaecker,be BEL,MF,Oxford United,25,2000,26,25,2246,25.0,1,5,6,1,0,0,3,0,0.04,0.2,0.24,0.04,0.24
195,Dion De Neve,be BEL,MF,Blackburn,24,2001,27,9,983,10.9,0,1,1,0,0,0,0,0,0.0,0.09,0.09,0.0,0.09
196,Tom Dele-Bashiru,ng NGA,MF,Watford,25,1999,1,0,5,0.1,0,0,0,0,0,0,0,0,0.0,0.0,0.0,0.0,0.0
197,Karamoko Dembélé,eng ENG,MF,QPR,22,2003,28,17,1525,16.9,1,0,1,1,0,0,3,0,0.06,0.0,0.06,0.06,0.06
198,Siriki Dembélé,ci CIV,MF,Oxford United,28,1996,19,4,657,7.3,0,0,0,0,0,0,2,0,0.0,0.0,0.0,0.0,0.0
199,Enis Destan,tr TUR,FW,Hull City,23,2002,18,4,443,4.9,2,0,2,2,0,0,4,0,0.41,0.0,0.41,0.41,0.41
200,Alfie Devine,eng ENG,MF,Preston,20,2004,45,36,3112,34.6,8,6,14,8,0,0,4,0,0.23,0.17,0.4,0.23,0.4
201,Terry Devlin,nir NIR,"DF,MF",Portsmouth,21,2003,38,29,2564,28.5,5,1,6,5,0,0,3,1,0.18,0.04,0.21,0.18,0.21
202,Madiodio Dia,sn SEN,DF,Portsmouth,21,2004,7,5,390,4.3,0,0,0,0,0,0,2,0,0.0,0.0,0.0,0.0,0.0
203,Ousmane Diakité,ml MLI,MF,West Brom,25,2000,36,26,2402,26.7,1,0,1,1,0,0,7,0,0.04,0.0,0.04,0.04,0.04
204,Tyler Dibling,eng ENG,MF,Southampton,19,2006,1,0,8,0.1,0,0,0,0,0,0,0,0,0.0,0.0,0.0,0.0,0.0
205,Robert Dickie,eng ENG,DF,Bristol City,29,1996,33,30,2725,30.3,1,1,2,1,0,0,5,0,0.03,0.03,0.07,0.03,0.07
206,Seny Dieng,sn SEN,GK,Sheffield Weds,30,1994,3,3,270,3.0,0,0,0,0,0,0,0,0,0.0,0.0,0.0,0.0,0.0
207,Daryl Dike,us USA,FW,West Brom,25,2000,24,6,727,8.1,2,1,3,2,0,0,2,0,0.25,0.12,0.37,0.25,0.37
208,Nathan Dlamini,,FW,Blackburn,,,4,0,28,0.3,0,0,0,0,0,0,0,0,0.0,0.0,0.0,0.0,0.0
209,Lewis Dobbin,eng ENG,FW,Preston,22,2003,39,33,2597,28.9,10,8,18,10,0,0,2,0,0.35,0.28,0.62,0.35,0.62
210,George Dobson,eng ENG,MF,Wrexham,27,1997,40,31,2919,32.4,2,2,4,2,0,0,8,0,0.06,0.06,0.12,0.06,0.12
211,Greg Docherty,sct SCO,MF,Charlton Athletic,28,1996,39,32,2944,32.7,1,3,4,1,0,1,7,0,0.03,0.09,0.12,0.03,0.12
212,Aodhan Doherty,nir NIR,MF,Blackburn,19,2006,3,1,85,0.9,0,0,0,0,0,0,0,0,0.0,0.0,0.0,0.0,0.0
213,Jamie Donley,nir NIR,MF,Oxford United,20,2005,13,10,822,9.1,1,1,2,1,0,0,0,0,0.11,0.11,0.22,0.11,0.22
214,Jamie Donley,nir NIR,MF,Stoke City,20,2005,4,0,81,0.9,0,1,1,0,0,0,0,0,0.0,1.11,1.11,0.0,1.11
215,Alfie Doughty,eng ENG,"DF,MF",Millwall,25,1999,25,16,1401,15.6,0,5,5,0,0,0,4,0,0.0,0.32,0.32,0.0,0.32
216,Mamadou Doumbia,ml MLI,"FW,MF",Watford,19,2006,33,17,1681,18.7,4,1,5,4,0,0,5,0,0.21,0.05,0.27,0.21,0.27
217,Kieran Dowell,eng ENG,MF,Hull City,27,1997,13,1,259,2.9,1,0,1,1,0,0,2,0,0.35,0.0,0.35,0.35,0.35
218,Flynn Downes,eng ENG,MF,Southampton,26,1999,36,32,2621,29.1,3,0,3,3,0,0,12,0,0.1,0.0,0.1,0.1,0.1
219,Damion Downs,us USA,FW,Southampton,21,2004,11,1,283,3.1,0,1,1,0,0,0,1,0,0.0,0.32,0.32,0.0,0.32
220,Callum Doyle,eng ENG,DF,Wrexham,21,2003,34,32,2874,31.9,2,2,4,2,0,0,6,1,0.06,0.06,0.13,0.06,0.13
221,Tommy Doyle,eng ENG,MF,Birmingham City,23,2001,38,19,1908,21.2,0,3,3,0,0,0,1,1,0.0,0.14,0.14,0.0,0.14
222,Andre Dozzell,eng ENG,MF,Portsmouth,26,1999,37,36,3152,35.0,2,1,3,2,0,0,8,0,0.06,0.03,0.09,0.06,0.09
223,Cody Drameh,eng ENG,"DF,MF",Hull City,23,2001,22,16,1434,15.9,0,1,1,0,0,0,1,0,0.0,0.06,0.06,0.0,0.06
224,Marvin Ducksch,de GER,"FW,MF",Birmingham City,31,1994,33,25,1956,21.7,10,1,11,10,0,0,2,0,0.46,0.05,0.51,0.46,0.51
225,Shane Duffy,ie IRL,DF,Norwich City,33,1992,4,3,260,2.9,0,0,0,0,0,0,2,0,0.0,0.0,0.0,0.0,0.0
226,Jimmy Dunne,ie IRL,DF,QPR,27,1997,39,39,3481,38.7,3,3,6,3,0,0,6,0,0.08,0.08,0.16,0.08,0.16
227,Pierre Dwomoh,be BEL,MF,Watford,21,2004,1,0,1,0.0,0,0,0,0,0,0,0,0,0.0,0.0,0.0,0.0,0.0
228,Lyndon Dykes,sct SCO,"MF,FW",Birmingham City,29,1995,21,2,438,4.9,2,0,2,2,0,0,1,0,0.41,0.0,0.41,0.41,0.41
229,Lyndon Dykes,sct SCO,FW,Charlton Athletic,29,1995,20,16,1512,16.8,3,3,6,3,0,0,3,0,0.18,0.18,0.36,0.18,0.36
230,Owen Eames,,MF,Derby County,,,4,0,43,0.5,0,0,0,0,0,0,0,0,0.0,0.0,0.0,0.0,0.0
231,George Earthy,eng ENG,MF,Bristol City,20,2004,10,2,278,3.1,0,0,0,0,0,0,1,0,0.0,0.0,0.0,0.0,0.0
232,Josh Eccles,eng ENG,MF,Coventry City,25,2000,34,19,1509,16.8,4,1,5,4,0,0,6,0,0.24,0.06,0.3,0.24,0.3
233,George Edmundson,eng ENG,DF,Middlesbrough,27,1997,7,3,218,2.4,0,0,0,0,0,0,1,0,0.0,0.0,0.0,0.0,0.0
234,Samuel Edozie,eng ENG,MF,Southampton,22,2003,12,2,303,3.4,0,2,2,0,0,0,0,0,0.0,0.59,0.59,0.0,0.59
235,Joshua Edwards,eng ENG,"DF,MF",Charlton Athletic,25,2000,7,7,549,6.1,0,0,0,0,0,0,1,0,0.0,0.0,0.0,0.0,0.0
236,Ronnie Edwards,eng ENG,DF,Southampton,22,2003,11,8,666,7.4,0,0,0,0,0,0,0,0,0.0,0.0,0.0,0.0,0.0
237,Ronnie Edwards,eng ENG,DF,QPR,22,2003,17,17,1530,17.0,1,1,2,1,0,0,2,0,0.06,0.06,0.12,0.06,0.12
238,John Egan,ie IRL,DF,Hull City,32,1992,42,39,3416,38.0,3,0,3,3,0,0,8,0,0.08,0.0,0.08,0.08,0.08
239,Sindre Egeli,no NOR,MF,Ipswich Town,19,2006,28,18,1474,16.4,4,1,5,4,0,0,2,0,0.24,0.06,0.31,0.24,0.31
240,Noah Eile,se SWE,DF,Bristol City,23,2002,15,14,1261,14.0,1,0,1,1,0,0,3,0,0.07,0.0,0.07,0.07,0.07
241,Pierre Ekwah Elimby,fr FRA,MF,Watford,23,2002,7,3,274,3.0,0,0,0,0,0,0,2,0,0.0,0.0,0.0,0.0,0.0
242,Callum Elder,au AUS,"MF,DF",Derby County,30,1995,28,26,2189,24.3,1,5,6,1,0,0,8,0,0.04,0.21,0.25,0.04,0.25
243,Aidomo Emakhu,ie IRL,MF,Oxford United,21,2003,11,5,528,5.9,0,0,0,0,0,0,1,0,0.0,0.0,0.0,0.0,0.0
244,Aidomo Emakhu,ie IRL,MF,Millwall,21,2003,27,12,1163,12.9,2,1,3,2,0,0,0,0,0.15,0.08,0.23,0.15,0.23
245,Joe Emery,,DF,Sheffield Weds,,,3,0,60,0.7,0,0,0,0,0,0,0,0,0.0,0.0,0.0,0.0,0.0
246,Yunus Emre Konak,tr TUR,MF,Oxford United,19,2006,16,12,890,9.9,0,0,0,0,0,0,2,0,0.0,0.0,0.0,0.0,0.0
247,Esquerdinha,br BRA,DF,QPR,19,2006,16,7,606,6.7,0,1,1,0,0,0,0,0,0.0,0.15,0.15,0.0,0.15
248,Romain Esse,eng ENG,MF,Coventry City,20,2005,17,8,758,8.4,2,1,3,2,0,0,2,0,0.24,0.12,0.36,0.24,0.36
249,Milan van Ewijk,nl NED,DF,Coventry City,24,2000,44,43,3777,42.0,0,8,8,0,0,0,8,0,0.0,0.19,0.19,0.0,0.19
250,Wout Faes,be BEL,DF,Leicester City,27,1998,15,9,858,9.5,1,1,2,1,0,0,1,0,0.1,0.1,0.21,0.1,0.21
251,Akin Famewo,eng ENG,DF,Hull City,26,1998,15,7,689,7.7,1,0,1,1,0,0,1,0,0.13,0.0,0.13,0.13,0.13
252,Jacob Farrell,au AUS,DF,Portsmouth,22,2002,1,0,8,0.1,0,0,0,0,0,0,0,0,0.0,0.0,0.0,0.0,0.0
253,Abdul Fatawu Issahaku,gh GHA,MF,Leicester City,21,2004,44,43,3706,41.2,9,7,16,9,0,0,7,0,0.22,0.17,0.39,0.22,0.39
254,Favour Fawunmi,eng ENG,MF,Stoke City,19,2006,2,0,36,0.4,0,0,0,0,0,0,1,0,0.0,0.0,0.0,0.0,0.0
255,Tom Fellows,eng ENG,MF,Southampton,22,2003,37,25,2188,24.3,0,6,6,0,0,0,2,0,0.0,0.25,0.25,0.0,0.25
256,Tom Fellows,eng ENG,MF,West Brom,22,2003,3,3,230,2.6,0,0,0,0,0,0,0,0,0.0,0.0,0.0,0.0,0.0
257,Bruno Fernandes,pt POR,FW,Sheffield Weds,19,2006,4,0,15,0.2,0,0,0,0,0,0,0,0,0.0,0.0,0.0,0.0,0.0
258,Mateus Fernandes,pt POR,MF,Southampton,21,2004,3,2,189,2.1,0,1,1,0,0,0,0,0,0.0,0.48,0.48,0.0,0.48
259,Jayden Fevrier,eng ENG,MF,Charlton Athletic,22,2003,11,4,492,5.5,2,0,2,2,0,0,0,0,0.37,0.0,0.37,0.37,0.37
260,Sam Field,eng ENG,MF,Norwich City,27,1998,13,7,624,6.9,0,1,1,0,0,0,1,0,0.0,0.14,0.14,0.0,0.14
261,Sam Field,eng ENG,"MF,DF",QPR,27,1998,18,9,857,9.5,0,1,1,0,0,0,0,0,0.0,0.11,0.11,0.0,0.11
262,Andy Fisher,eng ENG,GK,Swansea City,27,1998,1,1,90,1.0,0,0,0,0,0,0,0,0,0.0,0.0,0.0,0.0,0.0
263,Kellen Fisher,eng ENG,"DF,MF",Norwich City,21,2004,43,38,3454,38.4,0,0,0,0,0,0,11,0,0.0,0.0,0.0,0.0,0.0
264,Adam Forshaw,eng ENG,MF,Blackburn,33,1991,22,14,1135,12.6,1,0,1,1,0,0,5,0,0.08,0.0,0.08,0.08,0.08
265,Amankwah Forson,gh GHA,MF,Norwich City,22,2002,19,7,594,6.6,2,1,3,2,0,0,0,0,0.3,0.15,0.45,0.3,0.45
266,Marcus Forss,fi FIN,"FW,MF",Middlesbrough,26,1999,1,0,2,0.0,0,0,0,0,0,0,0,0,0.0,0.0,0.0,0.0,0.0
267,Craig Forsyth,sct SCO,"DF,MF",Derby County,36,1989,19,12,1148,12.8,1,0,1,1,0,0,2,0,0.08,0.0,0.08,0.08,0.08
268,Gonçalo Franco,pt POR,MF,Swansea City,24,2000,45,39,3247,36.1,3,4,7,3,0,0,8,0,0.08,0.11,0.19,0.08,0.19
269,Ryan Fraser,sct SCO,MF,Southampton,31,1994,16,9,879,9.8,0,2,2,0,0,0,0,0,0.0,0.2,0.2,0.0,0.2
270,Oscar Fraulo,dk DEN,MF,Derby County,21,2003,19,2,480,5.3,1,0,1,1,0,0,3,0,0.19,0.0,0.19,0.19,0.19
271,Michael Frey,ch SUI,FW,QPR,31,1994,13,2,313,3.5,0,0,0,0,0,0,0,0,0.0,0.0,0.0,0.0,0.0
272,Dael Fry,eng ENG,DF,Middlesbrough,27,1997,29,20,1833,20.4,3,0,3,3,0,0,1,0,0.15,0.0,0.15,0.15,0.15
273,Mads Frøkjær-Jensen,dk DEN,"MF,FW",Preston,26,1999,18,2,514,5.7,2,0,2,2,0,0,0,0,0.35,0.0,0.35,0.35,0.35
274,Leo Fuhr Hjelde,no NOR,DF,Sheffield United,21,2003,8,2,191,2.1,0,0,0,0,0,0,0,0,0.0,0.0,0.0,0.0,0.0
275,Kanya Fujimoto,jp JPN,MF,Birmingham City,26,1999,5,0,49,0.5,0,0,0,0,0,0,0,0,0.0,0.0,0.0,0.0,0.0
276,Ibrahim Fullah,eng ENG,"MF,FW",Charlton Athletic,18,2007,11,2,357,4.0,0,0,0,0,0,0,1,0,0.0,0.0,0.0,0.0,0.0
277,Jay Fulton,sct SCO,MF,Swansea City,31,1994,31,13,1263,14.0,1,0,1,1,0,0,5,0,0.07,0.0,0.07,0.07,0.07
278,Darnell Furlong,eng ENG,DF,Ipswich Town,29,1995,40,40,3521,39.1,1,3,4,1,0,0,11,0,0.03,0.08,0.1,0.03,0.1
279,Darnell Furlong,eng ENG,DF,West Brom,29,1995,3,3,269,3.0,0,0,0,0,0,0,2,1,0.0,0.0,0.0,0.0,0.0
280,Kyogo Furuhashi,jp JPN,FW,Birmingham City,30,1995,28,8,1019,11.3,1,0,1,1,0,0,1,0,0.09,0.0,0.09,0.09,0.09
281,Sean Fusire,zw ZIM,MF,Sheffield Weds,20,2005,35,23,2252,25.0,1,1,2,1,0,0,6,0,0.04,0.04,0.08,0.04,0.08
282,Ethan Galbraith,nir NIR,"MF,DF",Swansea City,24,2001,39,36,3100,34.4,3,1,4,3,0,0,6,0,0.09,0.03,0.12,0.09,0.12
283,Sam Gallagher,eng ENG,"FW,MF",Stoke City,29,1995,19,4,657,7.3,2,0,2,2,0,0,0,0,0.27,0.0,0.27,0.27,0.27
284,Taylor Gardner-Hickman,eng ENG,"DF,MF",Birmingham City,23,2001,1,0,2,0.0,0,0,0,0,0,0,0,0,0.0,0.0,0.0,0.0,0.0
285,Taylor Gardner-Hickman,eng ENG,MF,Blackburn,23,2001,30,23,1978,22.0,0,0,0,0,0,0,9,0,0.0,0.0,0.0,0.0,0.0
286,Joe Gelhardt,eng ENG,MF,Hull City,23,2002,39,35,2804,31.2,14,4,18,13,1,2,5,0,0.45,0.13,0.58,0.42,0.55
287,Liam Gibbs,eng ENG,"MF,DF",Norwich City,22,2002,20,13,1191,13.2,1,0,1,1,0,0,2,0,0.08,0.0,0.08,0.08,0.08
288,Ben Gibson,eng ENG,DF,Stoke City,32,1993,13,7,727,8.1,1,0,1,1,0,0,1,0,0.12,0.0,0.12,0.12,0.12
289,Lewis Gibson,eng ENG,DF,Preston,25,2000,27,25,2191,24.3,1,0,1,1,0,0,3,0,0.04,0.0,0.04,0.04,0.04
290,Alexander Gilbert,ie IRL,MF,Middlesbrough,23,2001,21,9,871,9.7,1,1,2,1,0,0,5,0,0.1,0.1,0.21,0.1,0.21
291,Alfie Gilchrist,eng ENG,DF,West Brom,21,2003,13,8,660,7.3,0,0,0,0,0,0,0,1,0.0,0.0,0.0,0.0,0.0
292,Ryan Giles,eng ENG,"DF,MF",Hull City,25,2000,32,30,2481,27.6,0,8,8,0,0,0,7,0,0.0,0.29,0.29,0.0,0.29
293,Macaulay Gillesphey,eng ENG,DF,Charlton Athletic,29,1995,35,22,2065,22.9,2,0,2,2,0,0,4,0,0.09,0.0,0.09,0.09,0.09
294,Matthew Godden,eng ENG,"MF,FW",Charlton Athletic,34,1991,11,2,303,3.4,2,0,2,2,0,0,1,0,0.59,0.0,0.59,0.59,0.59
295,Ben Godfrey,eng ENG,DF,Sheffield United,27,1998,4,4,315,3.5,0,0,0,0,0,0,0,0,0.0,0.0,0.0,0.0,0.0
296,Saba Goglichidze,ge GEO,DF,Watford,21,2004,12,11,916,10.2,0,0,0,0,0,0,2,0,0.0,0.0,0.0,0.0,0.0
297,Tyler Goodrham,eng ENG,MF,Oxford United,21,2003,13,9,680,7.6,1,1,2,1,0,0,2,0,0.13,0.13,0.26,0.13,0.26
298,Kenzo Goudmijn,nl NED,MF,Derby County,23,2001,3,1,95,1.1,0,0,0,0,0,0,0,0,0.0,0.0,0.0,0.0,0.0
299,Keenan Gough,eng ENG,DF,Charlton Athletic,19,2006,3,2,150,1.7,0,0,0,0,0,0,0,0,0.0,0.0,0.0,0.0,0.0
300,William Grainger,wls WAL,MF,Sheffield Weds,16,2008,6,1,108,1.2,1,0,1,1,0,0,0,0,0.83,0.0,0.83,0.83,0.83
301,Karlan Grant,eng ENG,MF,West Brom,27,1997,27,17,1622,18.0,4,0,4,4,0,0,3,0,0.22,0.0,0.22,0.22,0.22
302,Demarai Gray,jm JAM,MF,Birmingham City,29,1996,37,27,2285,25.4,5,5,10,5,0,0,5,0,0.2,0.2,0.39,0.2,0.39
303,Kevon Gray,,DF,Leicester City,,,1,0,3,0.0,0,0,0,0,0,0,0,0,0.0,0.0,0.0,0.0,0.0
304,Jacob Greaves,eng ENG,DF,Ipswich Town,24,2000,24,23,2048,22.8,1,2,3,1,0,0,5,0,0.04,0.09,0.13,0.04,0.13
305,Jack Grieves,eng ENG,FW,Watford,20,2004,3,0,76,0.8,0,0,0,0,0,0,0,0,0.0,0.0,0.0,0.0,0.0
306,Joshua Griffiths,eng ENG,GK,West Brom,23,2001,24,23,2095,23.3,0,0,0,0,0,0,0,0,0.0,0.0,0.0,0.0,0.0
307,Matt Grimes,eng ENG,MF,Coventry City,30,1995,46,46,4123,45.8,2,2,4,1,1,1,5,0,0.04,0.04,0.09,0.02,0.07
308,Daniel Grimshaw,eng ENG,GK,Norwich City,27,1998,1,1,90,1.0,0,1,1,0,0,0,0,0,0.0,1.0,1.0,0.0,1.0
309,Makhtar Gueye,sn SEN,FW,Blackburn,27,1997,16,0,202,2.2,0,0,0,0,0,0,1,0,0.0,0.0,0.0,0.0,0.0
310,Andri Guðjohnsen,is ISL,FW,Blackburn,23,2002,25,18,1549,17.2,7,0,7,7,0,0,1,0,0.41,0.0,0.41,0.41,0.41
311,Darko Gyabi,eng ENG,MF,Hull City,21,2004,20,6,699,7.8,2,0,2,2,0,0,0,0,0.26,0.0,0.26,0.26,0.26
312,Hayden Hackney,eng ENG,MF,Middlesbrough,23,2002,38,38,3305,36.7,5,7,12,5,0,0,4,0,0.14,0.19,0.33,0.14,0.33
313,Amir Hadžiahmetović,ba BIH,MF,Hull City,28,1997,37,26,2119,23.5,0,2,2,0,0,0,1,0,0.0,0.08,0.08,0.0,0.08
314,Ali Al Hamadi,iq IRQ,FW,Ipswich Town,23,2002,1,0,12,0.1,0,0,0,0,0,0,0,0,0.0,0.0,0.0,0.0,0.0
315,Ben Hamer,eng ENG,GK,QPR,37,1987,7,7,558,6.2,0,0,0,0,0,0,0,0,0.0,0.0,0.0,0.0,0.0
316,Gustavo Hamer,nl NED,MF,Sheffield United,28,1997,37,27,2500,27.8,5,12,17,3,2,2,11,0,0.18,0.43,0.61,0.11,0.54
317,Micah Hamilton,eng ENG,MF,Middlesbrough,21,2003,4,1,51,0.6,0,0,0,0,0,0,0,0,0.0,0.0,0.0,0.0,0.0
318,Sontje Hansen,cw CUW,MF,Middlesbrough,23,2002,17,4,497,5.5,1,0,1,1,0,0,1,0,0.18,0.0,0.18,0.18,0.18
319,Ryan Hardie,sct SCO,FW,Wrexham,28,1997,6,2,181,2.0,0,0,0,0,0,0,0,0,0.0,0.0,0.0,0.0,0.0
320,Wes Harding,jm JAM,DF,Millwall,28,1996,8,2,203,2.3,0,0,0,0,0,0,0,0,0.0,0.0,0.0,0.0,0.0
321,Luke Harris,wls WAL,MF,Oxford United,20,2005,16,7,625,6.9,1,0,1,1,0,0,2,0,0.14,0.0,0.14,0.14,0.14
322,Mark Harris,wls WAL,FW,Oxford United,26,1998,37,10,1034,11.5,3,0,3,3,0,0,3,0,0.26,0.0,0.26,0.26,0.26
323,Taylor Harwood-Bellis,eng ENG,DF,Southampton,23,2002,41,41,3690,41.0,7,1,8,7,0,0,9,0,0.17,0.02,0.2,0.17,0.2
324,Isaac Hayden,jm JAM,MF,QPR,30,1995,29,15,1491,16.6,0,2,2,0,0,0,6,0,0.0,0.12,0.12,0.0,0.12
325,Ryan Hedges,wls WAL,MF,Blackburn,30,1995,24,18,1572,17.5,1,2,3,1,0,0,3,0,0.06,0.11,0.17,0.06,0.17
326,Aune Heggebø,no NOR,FW,West Brom,24,2001,46,37,3153,35.0,9,4,13,9,0,0,2,0,0.26,0.11,0.37,0.26,0.37
327,Torbjørn Heggem,no NOR,DF,West Brom,26,1999,1,1,90,1.0,0,0,0,0,0,0,0,0,0.0,0.0,0.0,0.0,0.0
328,Michał Helik,pl POL,DF,Oxford United,29,1995,43,42,3739,41.5,1,4,5,1,0,0,5,0,0.02,0.1,0.12,0.02,0.12
329,Axel Henriksson,se SWE,"MF,FW",Blackburn,23,2002,18,9,753,8.4,0,0,0,0,0,0,2,0,0.0,0.0,0.0,0.0,0.0
330,Onel Hernández,cu CUB,MF,Charlton Athletic,32,1993,6,2,225,2.5,0,0,0,0,0,0,1,0,0.0,0.0,0.0,0.0,0.0
331,Jaden Heskey,eng ENG,MF,Sheffield Weds,19,2005,20,19,1713,19.0,0,0,0,0,0,0,5,0,0.0,0.0,0.0,0.0,0.0
332,Yu Hirakawa,jp JPN,MF,Hull City,24,2001,7,2,272,3.0,0,1,1,0,0,0,0,0,0.0,0.33,0.33,0.0,0.33
333,Yu Hirakawa,jp JPN,MF,Bristol City,24,2001,24,3,524,5.8,1,2,3,1,0,0,2,0,0.17,0.34,0.52,0.17,0.52
334,George Hirst,sct SCO,FW,Ipswich Town,26,1999,42,25,2106,23.4,11,3,14,10,1,2,5,0,0.47,0.13,0.6,0.43,0.56
335,Ki-Jana Hoever,nl NED,DF,Sheffield United,23,2002,15,5,551,6.1,0,0,0,0,0,0,2,0,0.0,0.0,0.0,0.0,0.0
336,Tomi Horvat,si SVN,MF,Bristol City,26,1999,15,11,853,9.5,1,4,5,0,1,1,1,0,0.11,0.42,0.53,0.0,0.42
337,Ethan Horvath,us USA,GK,Sheffield Weds,30,1995,14,14,1259,14.0,0,0,0,0,0,0,1,1,0.0,0.0,0.0,0.0,0.0
338,Andrew Hughes,wls WAL,DF,Preston,33,1992,38,37,3293,36.6,1,0,1,1,0,0,10,0,0.03,0.0,0.03,0.03,0.03
339,Charlie Hughes,eng ENG,DF,Hull City,21,2003,38,36,3189,35.4,1,1,2,1,0,0,6,1,0.03,0.03,0.06,0.03,0.06
340,Cameron Humphreys,eng ENG,MF,Ipswich Town,21,2003,3,0,12,0.1,0,0,0,0,0,0,0,0,0.0,0.0,0.0,0.0,0.0
341,Dominic Hyam,sct SCO,DF,Wrexham,29,1995,40,40,3588,39.9,0,0,0,0,0,0,4,0,0.0,0.0,0.0,0.0,0.0
342,Dominic Hyam,sct SCO,DF,Blackburn,29,1995,4,4,360,4.0,0,0,0,0,0,0,0,0,0.0,0.0,0.0,0.0,0.0
343,Cruz Ibeh,,FW,Middlesbrough,,,1,0,1,0.0,0,0,0,0,0,0,0,0,0.0,0.0,0.0,0.0,0.0
344,Adam Idah,ie IRL,FW,Swansea City,24,2001,25,6,844,9.4,6,2,8,5,1,1,1,0,0.64,0.21,0.85,0.53,0.75
345,Samuel Iling-Junior,eng ENG,"MF,DF",West Brom,21,2003,24,14,1289,14.3,1,0,1,1,0,0,1,0,0.07,0.0,0.07,0.07,0.07
346,Danny Imray,eng ENG,DF,West Brom,22,2003,16,13,1119,12.4,1,2,3,1,0,0,3,0,0.08,0.16,0.24,0.08,0.24
347,Tom Ince,eng ENG,MF,Watford,33,1992,27,10,1019,11.3,4,0,4,4,0,1,0,0,0.35,0.0,0.35,0.35,0.35
348,Svante Ingelsson,se SWE,MF,Sheffield Weds,27,1998,40,39,3344,37.2,1,0,1,1,0,0,4,0,0.03,0.0,0.03,0.03,0.03
349,Danny Ings,eng ENG,FW,Sheffield United,33,1992,23,5,619,6.9,2,0,2,2,0,0,1,0,0.29,0.0,0.29,0.29,0.29
350,Zeidane Inoussa,se SWE,"MF,FW",Swansea City,23,2002,25,12,1086,12.1,0,2,2,0,0,0,4,0,0.0,0.17,0.17,0.0,0.17
351,Dominic Iorfa,eng ENG,DF,Sheffield Weds,30,1995,34,32,2657,29.5,1,0,1,1,0,0,6,0,0.03,0.0,0.03,0.03,0.03
352,Nestory Irankunda,au AUS,"MF,FW",Watford,19,2006,40,22,2031,22.6,4,4,8,4,0,0,12,1,0.18,0.18,0.35,0.18,0.35
353,Mihailo Ivanović,rs SRB,FW,Millwall,20,2004,44,31,2987,33.2,9,3,12,9,0,1,2,0,0.27,0.09,0.36,0.27,0.36
354,Daniel Iversen,dk DEN,GK,Preston,28,1997,36,36,3195,35.5,0,1,1,0,0,0,3,0,0.0,0.03,0.03,0.0,0.03
355,Tomoki Iwata,jp JPN,"DF,MF",Birmingham City,28,1997,45,42,3811,42.3,3,1,4,3,0,0,8,0,0.07,0.02,0.09,0.07,0.09
356,Kayden Jackson,eng ENG,"MF,FW",Derby County,31,1994,19,2,383,4.3,0,0,0,0,0,0,2,0,0.0,0.0,0.0,0.0,0.0
357,Matty Jacob,eng ENG,DF,Hull City,24,2001,5,1,176,2.0,0,0,0,0,0,0,0,0,0.0,0.0,0.0,0.0,0.0
358,Jordan James,wls WAL,MF,Leicester City,21,2004,34,27,2118,23.5,11,4,15,10,1,1,6,0,0.47,0.17,0.64,0.42,0.59
359,Matty James,eng ENG,MF,Wrexham,34,1991,37,24,2235,24.8,1,2,3,1,0,0,4,0,0.04,0.08,0.12,0.04,0.12
360,Caspar Jander,de GER,MF,Southampton,22,2003,36,32,2728,30.3,2,1,3,2,0,0,6,0,0.07,0.03,0.1,0.07,0.1
361,Daniel Jebbison,ca CAN,FW,Preston,21,2003,38,22,2012,22.4,6,2,8,6,0,0,2,0,0.27,0.09,0.36,0.27,0.36
362,Elias Jelert,dk DEN,"DF,MF",Southampton,22,2003,8,3,325,3.6,0,1,1,0,0,0,0,0,0.0,0.28,0.28,0.0,0.28
363,Eom Ji-sung,kr KOR,"MF,FW",Swansea City,23,2002,44,31,2442,27.1,2,2,4,2,0,0,3,0,0.07,0.07,0.15,0.07,0.15
364,Jamaldeen Jimoh,eng ENG,MF,West Brom,18,2006,10,4,352,3.9,0,1,1,0,0,0,0,0,0.0,0.26,0.26,0.0,0.26
365,Jeon Jinwoo,kr KOR,MF,Oxford United,25,1999,7,2,226,2.5,0,0,0,0,0,0,0,0,0.0,0.0,0.0,0.0,0.0
366,Viktor Johansson,se SWE,GK,Stoke City,26,1998,25,25,2250,25.0,0,1,1,0,0,0,2,0,0.0,0.04,0.04,0.0,0.04
367,Ben Johnson,eng ENG,"DF,MF",Ipswich Town,25,2000,17,9,847,9.4,1,1,2,1,0,0,1,0,0.11,0.11,0.21,0.11,0.21
368,Reece Johnson,eng ENG,"MF,DF",Sheffield Weds,19,2006,12,4,459,5.1,0,0,0,0,0,0,1,0,0.0,0.0,0.0,0.0,0.0
369,Max Johnston,sct SCO,"DF,MF",Derby County,21,2003,15,11,962,10.7,0,1,1,0,0,0,1,0,0.0,0.09,0.09,0.0,0.09
370,Michael Johnston,ie IRL,MF,West Brom,26,1999,34,27,2305,25.6,2,9,11,2,0,0,3,0,0.08,0.35,0.43,0.08,0.43
371,Alfie Jones,ca CAN,DF,Middlesbrough,27,1997,22,22,1882,20.9,1,1,2,1,0,0,3,1,0.05,0.05,0.1,0.05,0.1
372,Lloyd Jones,eng ENG,DF,Charlton Athletic,29,1995,46,45,3944,43.8,1,1,2,1,0,0,9,0,0.02,0.02,0.05,0.02,0.05
373,Kyle Joseph,sct SCO,"MF,FW",Hull City,23,2001,44,27,2302,25.6,8,5,13,8,0,0,7,0,0.31,0.2,0.51,0.31,0.51
374,Bae Jun-ho,kr KOR,MF,Stoke City,21,2003,42,32,2923,32.5,2,3,5,2,0,0,1,0,0.06,0.09,0.15,0.06,0.15
375,Matěj Jurásek,cz CZE,"MF,FW",Norwich City,21,2003,16,6,492,5.5,0,2,2,0,0,0,0,0,0.0,0.37,0.37,0.0,0.37
376,James Justin,eng ENG,DF,Leicester City,27,1998,2,2,153,1.7,0,0,0,0,0,0,0,0,0.0,0.0,0.0,0.0,0.0
377,Mathias Jørgensen,dk DEN,"FW,MF",Blackburn,24,2000,20,11,1093,12.1,5,0,5,5,0,0,0,0,0.41,0.0,0.41,0.41,0.41
378,Issa Kaboré,bf BFA,MF,Wrexham,24,2001,30,26,2262,25.1,0,8,8,0,0,0,3,0,0.0,0.32,0.32,0.0,0.32
379,Mamadou Kaly Sene,sn SEN,"FW,MF",Middlesbrough,24,2001,28,5,720,8.0,2,0,2,2,0,0,2,0,0.25,0.0,0.25,0.25,0.25
380,Abu Kamara,eng ENG,FW,Hull City,22,2003,2,1,103,1.1,0,0,0,0,0,0,0,0,0.0,0.0,0.0,0.0,0.0
381,Thomas Kaminski,be BEL,GK,Charlton Athletic,32,1992,37,37,3330,37.0,0,0,0,0,0,0,3,0,0.0,0.0,0.0,0.0,0.0
382,Abdoulaye Kanté,fr FRA,MF,Middlesbrough,20,2005,4,1,85,0.9,0,0,0,0,0,0,0,0,0.0,0.0,0.0,0.0,0.0
383,Augustus Kargbo,sl SLE,MF,Blackburn,25,1999,10,3,446,5.0,1,1,2,1,0,0,0,0,0.2,0.2,0.4,0.2,0.4
384,Edo Kayembe,cd COD,"MF,FW",Watford,27,1998,37,28,2496,27.7,4,1,5,3,1,1,4,0,0.14,0.04,0.18,0.11,0.14
385,Will Keane,ie IRL,"FW,MF",Preston,32,1993,2,0,26,0.3,1,0,1,1,0,0,0,0,3.46,0.0,3.46,3.46,3.46
386,Kévin Keben,cm CMR,DF,Watford,21,2004,29,22,2114,23.5,0,1,1,0,0,0,3,0,0.0,0.04,0.04,0.0,0.04
387,Davis Keillor-Dunn,eng ENG,"FW,MF",Wrexham,27,1997,6,0,88,1.0,0,0,0,0,0,0,0,0,0.0,0.0,0.0,0.0,0.0
388,Daniel Kelly,sct SCO,MF,Millwall,19,2005,9,3,338,3.8,0,0,0,0,0,0,0,0,0.0,0.0,0.0,0.0,0.0
389,Charlie Kelman,us USA,FW,Charlton Athletic,23,2001,33,19,1529,17.0,7,1,8,5,2,2,1,0,0.41,0.06,0.47,0.29,0.35
390,Kaine Kesler-Hayden,eng ENG,"DF,MF",Coventry City,22,2002,22,5,595,6.6,2,1,3,2,0,0,1,0,0.3,0.15,0.45,0.3,0.45
391,Josh Key,eng ENG,DF,Swansea City,25,1999,30,22,2037,22.6,2,1,3,2,0,0,3,0,0.09,0.04,0.13,0.09,0.13
392,Bilal El Khannouss,ma MAR,MF,Leicester City,21,2004,2,2,135,1.5,0,2,2,0,0,0,0,0,0.0,1.33,1.33,0.0,1.33
393,Ben Killip,eng ENG,GK,Portsmouth,29,1995,4,2,332,3.7,0,0,0,0,0,0,0,0,0.0,0.0,0.0,0.0,0.0
394,Cédric Kipré,ci CIV,DF,Ipswich Town,28,1996,32,29,2591,28.8,3,2,5,3,0,0,10,0,0.1,0.07,0.17,0.1,0.17
395,Makenzie Kirk,nir NIR,FW,Portsmouth,21,2004,14,4,459,5.1,1,0,1,1,0,0,1,0,0.2,0.0,0.2,0.2,0.2
396,Liam Kitching,eng ENG,DF,Coventry City,25,1999,38,37,3338,37.1,2,0,2,2,0,0,7,0,0.05,0.0,0.05,0.05,0.05
397,Luca Kjerrumgaard,dk DEN,FW,Watford,22,2003,43,35,2836,31.5,10,1,11,10,0,0,1,0,0.32,0.03,0.35,0.32,0.35
398,Christoph Klarer,at AUT,DF,Birmingham City,25,2000,43,43,3869,43.0,3,0,3,3,0,0,9,1,0.07,0.0,0.07,0.07,0.07
399,Harvey Knibbs,eng ENG,MF,Charlton Athletic,26,1999,26,7,674,7.5,3,0,3,3,0,0,4,0,0.4,0.0,0.4,0.4,0.4
400,Jason Knight,ie IRL,"MF,DF",Bristol City,24,2001,34,30,2774,30.8,0,2,2,0,0,0,4,0,0.0,0.06,0.06,0.0,0.06
401,Josh Knight,eng ENG,DF,Portsmouth,27,1997,14,10,974,10.8,0,0,0,0,0,0,0,0,0.0,0.0,0.0,0.0,0.0
402,Olaf Kobacki,pl POL,"MF,FW",Sheffield Weds,24,2001,13,4,480,5.3,0,0,0,0,0,0,0,0,0.0,0.0,0.0,0.0,0.0
403,Rayan Kolli,dz ALG,"FW,MF",QPR,20,2005,23,10,1054,11.7,5,0,5,5,0,0,1,0,0.43,0.0,0.43,0.43,0.43
404,Richard Kone,ci CIV,"FW,MF",QPR,22,2003,43,38,3320,36.9,10,2,12,9,1,1,7,0,0.27,0.05,0.33,0.24,0.3
405,Márk Kosznovszky,hu HUN,MF,Portsmouth,23,2002,15,6,643,7.1,0,0,0,0,0,0,1,0,0.0,0.0,0.0,0.0,0.0
406,Lewis Koumas,wls WAL,"MF,FW",Birmingham City,19,2005,23,7,754,8.4,1,0,1,1,0,0,1,0,0.12,0.0,0.12,0.12,0.12
407,Lewis Koumas,wls WAL,"MF,FW",Hull City,19,2005,17,4,627,7.0,3,0,3,3,0,0,0,0,0.43,0.0,0.43,0.43,0.43
408,Vladan Kovačević,ba BIH,GK,Norwich City,27,1998,45,45,4050,45.0,0,0,0,0,0,0,6,0,0.0,0.0,0.0,0.0,0.0
409,Filip Krastev,bg BUL,MF,Oxford United,23,2001,16,10,854,9.5,1,1,2,1,0,0,1,0,0.11,0.11,0.21,0.11,0.21
410,Mathias Kvistgaarden,dk DEN,"FW,MF",Norwich City,23,2002,36,12,1128,12.5,6,1,7,6,0,0,1,0,0.48,0.08,0.56,0.48,0.56
411,Hector Kyprianou,cy CYP,MF,Watford,24,2001,25,22,1911,21.2,0,1,1,0,0,0,8,0,0.0,0.05,0.05,0.0,0.05
412,Ethan Laird,eng ENG,"DF,MF",Birmingham City,24,2001,20,9,866,9.6,0,1,1,0,0,0,2,0,0.0,0.1,0.1,0.0,0.1
413,Callum Lang,eng ENG,"MF,FW",Portsmouth,26,1998,8,7,575,6.4,2,0,2,2,0,0,1,0,0.31,0.0,0.31,0.31,0.31
414,Callum Lang,eng ENG,MF,Preston,26,1998,5,3,244,2.7,0,2,2,0,0,0,2,0,0.0,0.74,0.74,0.0,0.74
415,Sondre Langås,no NOR,DF,Derby County,24,2001,24,21,1968,21.9,3,1,4,3,0,0,4,0,0.14,0.05,0.18,0.14,0.18
416,Macaulay Langstaff,eng ENG,MF,Millwall,28,1997,37,12,1375,15.3,4,1,5,4,0,0,2,0,0.26,0.07,0.33,0.26,0.33
417,Will Lankshear,eng ENG,FW,Oxford United,20,2005,44,34,2864,31.8,11,2,13,11,0,0,3,1,0.35,0.06,0.41,0.35,0.41
418,Joshua Laqeretabua,fj FIJ,DF,Charlton Athletic,19,2005,1,0,3,0.0,0,0,0,0,0,0,0,0,0.0,0.0,0.0,0.0,0.0
419,Cyle Larin,ca CAN,FW,Southampton,30,1995,16,9,854,9.5,8,1,9,8,0,0,2,0,0.84,0.11,0.95,0.84,0.95
420,Jamaal Lascelles,eng ENG,DF,Leicester City,31,1993,9,7,591,6.6,0,0,0,0,0,0,0,0,0.0,0.0,0.0,0.0,0.0
421,Joël Latibeaudière,jm JAM,DF,Coventry City,25,2000,15,15,1273,14.1,0,1,1,0,0,0,1,1,0.0,0.07,0.07,0.0,0.07
422,Bosun Lawal,ie IRL,"DF,MF",Stoke City,22,2003,27,25,2105,23.4,1,0,1,1,0,0,7,1,0.04,0.0,0.04,0.04,0.04
423,Jonathan Lawson,eng ENG,FW,Watford,19,2005,1,0,20,0.2,0,0,0,0,0,0,0,0,0.0,0.0,0.0,0.0,0.0
424,Luke Le Roux,za RSA,MF,Portsmouth,25,2000,14,7,665,7.4,0,0,0,0,0,0,4,0,0.0,0.0,0.0,0.0,0.0
425,Miles Leaburn,eng ENG,FW,Charlton Athletic,21,2003,38,20,2032,22.6,2,1,3,2,0,0,3,0,0.09,0.04,0.13,0.09,0.13
426,Greg Leigh,jm JAM,"DF,MF",Oxford United,30,1994,16,10,892,9.9,1,0,1,1,0,0,0,0,0.1,0.0,0.1,0.1,0.1
427,Darragh Lenihan,ie IRL,DF,Middlesbrough,31,1994,2,1,91,1.0,0,0,0,0,0,0,1,0,0.0,0.0,0.0,0.0,0.0
428,Marc Leonard,sct SCO,MF,Birmingham City,23,2001,15,5,690,7.7,0,0,0,0,0,0,1,0,0.0,0.0,0.0,0.0,0.0
429,Ryan Leonard,eng ENG,DF,Millwall,33,1992,23,15,1427,15.9,1,2,3,1,0,0,4,0,0.06,0.13,0.19,0.06,0.19
430,Jamal Lewis,nir NIR,MF,Preston,27,1998,14,6,598,6.6,0,1,1,0,0,0,1,0,0.0,0.15,0.15,0.0,0.15
431,Liam Lindsay,sct SCO,DF,Preston,29,1995,26,17,1587,17.6,2,0,2,2,0,0,5,1,0.11,0.0,0.11,0.11,0.11
432,Matty Litherland,,MF,Blackburn,,,5,4,330,3.7,0,0,0,0,0,0,0,0,0.0,0.0,0.0,0.0,0.0
433,Sam Long,eng ENG,DF,Oxford United,30,1995,40,34,3070,34.1,1,1,2,1,0,0,2,0,0.03,0.03,0.06,0.03,0.06
434,Ryan Longman,eng ENG,MF,Wrexham,24,2000,33,23,2033,22.6,2,1,3,2,0,0,4,0,0.09,0.04,0.13,0.09,0.13
435,Imran Louza,ma MAR,MF,Watford,26,1999,42,41,3574,39.7,7,9,16,6,1,2,11,1,0.18,0.23,0.4,0.15,0.38
436,Zak Lovelace,eng ENG,FW,Millwall,19,2006,1,0,3,0.0,0,0,0,0,0,0,0,0,0.0,0.0,0.0,0.0,0.0
437,Jamal Lowe,jm JAM,"FW,MF",Sheffield Weds,31,1994,45,37,3216,35.7,4,3,7,4,0,0,4,0,0.11,0.08,0.2,0.11,0.2
438,Max Lowe,eng ENG,DF,Sheffield Weds,28,1997,28,27,2399,26.7,0,1,1,0,0,0,4,0,0.0,0.04,0.04,0.0,0.04
439,Milos Lukovic,rs SRB,FW,Preston,19,2005,1,1,45,0.5,0,0,0,0,0,0,0,0,0.0,0.0,0.0,0.0,0.0
440,Joe Lumley,eng ENG,GK,Sheffield Weds,30,1995,2,2,180,2.0,0,0,0,0,0,0,1,0,0.0,0.0,0.0,0.0,0.0
441,John Lundstram,eng ENG,MF,Hull City,31,1994,29,16,1541,17.1,1,0,1,1,0,0,11,1,0.06,0.0,0.06,0.06,0.06
442,Massimo Luongo,au AUS,MF,Millwall,32,1992,9,7,567,6.3,0,0,0,0,0,0,1,0,0.0,0.0,0.0,0.0,0.0
443,Othmane Maamma,ma MAR,MF,Watford,19,2005,25,21,1625,18.1,4,1,5,4,0,0,1,0,0.22,0.06,0.28,0.22,0.28
444,Nicolas Madsen,dk DEN,MF,QPR,25,2000,38,33,2938,32.6,3,6,9,1,2,2,1,0,0.09,0.18,0.28,0.03,0.21
445,Edmond-Paris Maghoma,eng ENG,MF,Norwich City,24,2001,14,8,828,9.2,1,3,4,1,0,0,1,0,0.11,0.33,0.43,0.11,0.43
446,Lucien Mahovo,eng ENG,DF,Norwich City,20,2005,6,2,203,2.3,0,0,0,0,0,0,0,0,0.0,0.0,0.0,0.0,0.0
447,Josh Maja,ng NGA,FW,West Brom,26,1998,40,15,1543,17.1,4,1,5,3,1,1,1,0,0.23,0.06,0.29,0.17,0.23
448,Jovon Makama,eng ENG,"MF,FW",Norwich City,21,2004,28,18,1607,17.9,10,0,10,10,0,0,3,0,0.56,0.0,0.56,0.56,0.56
449,Christ Makosso,cg CGO,DF,Oxford United,21,2004,6,5,461,5.1,0,0,0,0,0,0,1,0,0.0,0.0,0.0,0.0,0.0
450,Adilson Malanda,fr FRA,DF,Middlesbrough,23,2001,21,20,1826,20.3,0,0,0,0,0,0,4,0,0.0,0.0,0.0,0.0,0.0
451,Mackenzie Maltby,eng ENG,DF,Sheffield Weds,20,2004,2,0,46,0.5,0,0,0,0,0,0,0,0,0.0,0.0,0.0,0.0,0.0
452,Souleyman Mandey,at AUT,MF,West Brom,19,2006,1,0,3,0.0,0,0,0,0,0,0,0,0,0.0,0.0,0.0,0.0,0.0
453,Million Manhoef,nl NED,MF,Stoke City,23,2002,45,33,2905,32.3,7,4,11,7,0,0,4,0,0.22,0.12,0.34,0.22,0.34
454,Ryan Manning,ie IRL,"DF,MF",Southampton,29,1996,43,35,3217,35.7,8,6,14,8,0,0,4,0,0.22,0.17,0.39,0.22,0.39
455,William Mannion,eng ENG,GK,Charlton Athletic,27,1998,9,9,810,9.0,0,0,0,0,0,0,0,0,0.0,0.0,0.0,0.0,0.0
456,Benson Manuel,ao ANG,FW,Swansea City,28,1997,6,1,142,1.6,0,0,0,0,0,0,0,0,0.0,0.0,0.0,0.0,0.0
457,Emiliano Marcondes,dk DEN,MF,Norwich City,30,1995,16,7,651,7.2,1,2,3,1,0,0,0,0,0.14,0.28,0.41,0.14,0.41
458,Jahnoah Markelo,sr SUR,FW,Coventry City,22,2003,5,0,47,0.5,0,0,0,0,0,0,0,0,0.0,0.0,0.0,0.0,0.0
459,Ephron Mason-Clark,jm JAM,MF,Coventry City,25,1999,42,36,2976,33.1,10,6,16,10,0,0,3,0,0.3,0.18,0.48,0.3,0.48
460,Eliot Matazo,be BEL,MF,Hull City,23,2002,1,1,10,0.1,0,0,0,0,0,0,0,0,0.0,0.0,0.0,0.0,0.0
461,Alex Matos,eng ENG,MF,Sheffield United,20,2004,8,3,321,3.6,0,0,0,0,0,0,0,0,0.0,0.0,0.0,0.0,0.0
462,Kuryū Matsuki,jp JPN,MF,Southampton,22,2003,20,11,1025,11.4,4,1,5,4,0,0,1,0,0.35,0.09,0.44,0.35,0.44
463,Hayden Matthews,au AUS,DF,Portsmouth,21,2004,13,9,779,8.7,0,0,0,0,0,0,2,0,0.0,0.0,0.0,0.0,0.0
464,Pelle Mattsson,dk DEN,MF,Norwich City,23,2001,33,30,2720,30.2,3,0,3,3,0,0,10,0,0.1,0.0,0.1,0.1,0.1
465,Azor Matusiwa,nl NED,MF,Ipswich Town,27,1998,45,45,3847,42.7,1,3,4,1,0,0,9,0,0.02,0.07,0.09,0.02,0.09
466,Stephy Mavididi,eng ENG,MF,Leicester City,27,1998,42,34,2662,29.6,3,1,4,3,0,0,4,0,0.1,0.03,0.14,0.1,0.14
467,Noah Mawene,eng ENG,MF,Preston,20,2005,1,0,1,0.0,0,0,0,0,0,0,0,0,0.0,0.0,0.0,0.0,0.0
468,Fally Mayulu,fr FRA,FW,Bristol City,23,2002,10,1,139,1.5,0,0,0,0,0,0,0,0,0.0,0.0,0.0,0.0,0.0
469,Derek Mazou-Sacko,fr FRA,MF,Millwall,20,2004,21,11,994,11.0,1,1,2,1,0,0,2,0,0.09,0.09,0.18,0.09,0.18
470,Amadou Mbengue,sn SEN,DF,QPR,23,2002,41,36,3124,34.7,2,0,2,2,0,0,14,1,0.06,0.0,0.06,0.06,0.06
471,Kasey McAteer,ie IRL,MF,Leicester City,23,2001,2,0,18,0.2,0,0,0,0,0,0,0,0,0.0,0.0,0.0,0.0,0.0
472,Kasey McAteer,ie IRL,MF,Ipswich Town,23,2001,28,14,1257,14.0,3,1,4,3,0,0,3,0,0.21,0.07,0.29,0.21,0.29
473,Oliver McBurnie,sct SCO,FW,Hull City,29,1996,37,32,2907,32.3,17,7,24,14,3,3,8,0,0.53,0.22,0.74,0.43,0.65
474,Sam McCallum,eng ENG,"DF,MF",Sheffield United,24,2000,20,15,1201,13.3,1,1,2,1,0,0,2,0,0.07,0.07,0.15,0.07,0.15
475,Alistair McCann,nir NIR,MF,Preston,25,1999,26,20,1742,19.4,1,1,2,1,0,0,5,0,0.05,0.05,0.1,0.05,0.1
476,Alex McCarthy,eng ENG,GK,Southampton,35,1989,7,7,630,7.0,0,0,0,0,0,0,0,0,0.0,0.0,0.0,0.0,0.0
477,Cathal McCarthy,ie IRL,DF,Hull City,18,2006,6,1,232,2.6,0,0,0,0,0,0,1,0,0.0,0.0,0.0,0.0,0.0
478,James McClean,ie IRL,MF,Wrexham,36,1989,16,10,913,10.1,0,2,2,0,0,0,2,0,0.0,0.2,0.2,0.0,0.2
479,Ruairi Mcconville,nir NIR,DF,Norwich City,20,2005,25,24,2170,24.1,0,1,1,0,0,0,2,0,0.0,0.04,0.04,0.0,0.04
480,George McCormick,eng ENG,DF,Middlesbrough,20,2005,1,0,30,0.3,0,0,0,0,0,0,0,0,0.0,0.0,0.0,0.0,0.0
481,Ross McCrorie,sct SCO,"MF,DF",Bristol City,27,1998,39,34,2836,31.5,3,6,9,3,0,0,5,0,0.1,0.19,0.29,0.1,0.29
482,Jamie McDonnell,nir NIR,MF,Oxford United,21,2004,11,6,530,5.9,0,0,0,0,0,0,1,0,0.0,0.0,0.0,0.0,0.0
483,Cole McGhee,eng ENG,DF,Sheffield Weds,19,2006,10,7,587,6.5,0,0,0,0,0,0,1,0,0.0,0.0,0.0,0.0,0.0
484,Riley McGree,au AUS,MF,Middlesbrough,26,1998,25,18,1483,16.5,5,3,8,5,0,0,3,0,0.3,0.18,0.49,0.3,0.49
485,Mark McGuinness,ie IRL,DF,Sheffield United,24,2001,25,21,1804,20.0,1,0,1,1,0,0,4,0,0.05,0.0,0.05,0.05,0.05
486,Kenny McLean,sct SCO,MF,Norwich City,33,1992,42,41,3617,40.2,3,3,6,2,1,1,6,0,0.07,0.07,0.15,0.05,0.12
487,Sean McLoughlin,ie IRL,DF,Blackburn,28,1996,44,44,3909,43.4,0,0,0,0,0,0,11,1,0.0,0.0,0.0,0.0,0.0
488,Paddy McNair,nir NIR,DF,Hull City,30,1995,12,6,707,7.9,0,1,1,0,0,0,2,0,0.0,0.13,0.13,0.0,0.13
489,Dan McNamara,ie IRL,DF,Millwall,26,1998,16,6,584,6.5,0,0,0,0,0,0,3,0,0.0,0.0,0.0,0.0,0.0
490,Charlie McNeill,eng ENG,"MF,FW",Sheffield Weds,21,2003,40,23,2053,22.8,4,1,5,4,0,1,3,0,0.18,0.04,0.22,0.18,0.22
491,Jakov Medić,hr CRO,DF,Norwich City,26,1998,16,13,1231,13.7,0,1,1,0,0,0,3,0,0.0,0.07,0.07,0.0,0.07
492,Ben Mee,eng ENG,DF,Sheffield United,35,1989,15,14,1253,13.9,0,1,1,0,0,0,2,0,0.0,0.07,0.07,0.0,0.07
493,Anis Mehmeti,al ALB,"MF,FW",Bristol City,24,2001,28,28,2338,26.0,8,6,14,8,0,0,6,0,0.31,0.23,0.54,0.31,0.54
494,Anis Mehmeti,al ALB,MF,Ipswich Town,24,2001,18,11,1029,11.4,2,1,3,2,0,0,4,0,0.17,0.09,0.26,0.17,0.26
495,Formose Mendy,sn SEN,"MF,DF",Watford,24,2001,6,2,181,2.0,0,0,0,0,0,0,1,0,0.0,0.0,0.0,0.0,0.0
496,Nampalys Mendy,sn SEN,MF,Watford,33,1992,25,17,1522,16.9,0,0,0,0,0,0,2,0,0.0,0.0,0.0,0.0,0.0
497,Chris Mepham,wls WAL,DF,West Brom,27,1997,25,21,1936,21.5,1,0,1,1,0,0,6,0,0.05,0.0,0.05,0.05,0.05
498,Stephen Mfuni,eng ENG,DF,Watford,17,2008,8,8,669,7.4,0,0,0,0,0,0,2,0,0.0,0.0,0.0,0.0,0.0
499,Liam Millar,ca CAN,MF,Hull City,25,1999,33,22,1836,20.4,3,5,8,3,0,0,3,0,0.15,0.25,0.39,0.15,0.39
